id,time_observed_at,url,image_url
601550,,http://www.inaturalist.org/observations/601550,https://inaturalist-open-data.s3.amazonaws.com/photos/757398/medium.JPG
602243,,http://www.inaturalist.org/observations/602243,https://inaturalist-open-data.s3.amazonaws.com/photos/758297/medium.JPG
2672546,,http://www.inaturalist.org/observations/2672546,https://inaturalist-open-data.s3.amazonaws.com/photos/3003818/medium.jpg
9663754,2017-12-30 06:42:00 UTC,https://www.inaturalist.org/observations/9663754,https://inaturalist-open-data.s3.amazonaws.com/photos/13204563/medium.jpeg
11977870,2018-05-01 01:45:43 UTC,https://www.inaturalist.org/observations/11977870,https://static.inaturalist.org/photos/17158180/medium.jpg
13171724,2015-10-26 14:09:00 UTC,https://www.inaturalist.org/observations/13171724,https://inaturalist-open-data.s3.amazonaws.com/photos/19240050/medium.jpeg
13545525,2018-06-17 22:59:00 UTC,https://www.inaturalist.org/observations/13545525,https://static.inaturalist.org/photos/19910973/medium.jpg
14070470,2018-01-15 17:36:00 UTC,https://www.inaturalist.org/observations/14070470,https://static.inaturalist.org/photos/20826429/medium.jpeg
14127766,2017-11-01 14:11:00 UTC,https://www.inaturalist.org/observations/14127766,https://static.inaturalist.org/photos/20930709/medium.jpeg
14232733,2016-01-31 02:38:00 UTC,https://www.inaturalist.org/observations/14232733,https://inaturalist-open-data.s3.amazonaws.com/photos/21119357/medium.jpeg
14232734,2016-01-31 02:55:00 UTC,https://www.inaturalist.org/observations/14232734,https://inaturalist-open-data.s3.amazonaws.com/photos/21119377/medium.jpeg
14538138,2018-04-01 17:09:08 UTC,https://www.inaturalist.org/observations/14538138,https://static.inaturalist.org/photos/21652992/medium.jpeg
14838642,2018-01-14 00:07:00 UTC,https://www.inaturalist.org/observations/14838642,https://inaturalist-open-data.s3.amazonaws.com/photos/22150556/medium.jpeg
14876008,2018-07-23 13:05:00 UTC,https://www.inaturalist.org/observations/14876008,https://inaturalist-open-data.s3.amazonaws.com/photos/22204824/medium.jpg
15126746,2018-04-22 22:03:00 UTC,https://www.inaturalist.org/observations/15126746,https://inaturalist-open-data.s3.amazonaws.com/photos/22604935/medium.jpeg
15126748,2018-04-22 22:47:00 UTC,https://www.inaturalist.org/observations/15126748,https://inaturalist-open-data.s3.amazonaws.com/photos/22604939/medium.jpeg
15134284,2018-07-24 21:52:00 UTC,https://www.inaturalist.org/observations/15134284,https://inaturalist-open-data.s3.amazonaws.com/photos/22611961/medium.jpeg
15417141,2018-05-13 22:47:00 UTC,https://www.inaturalist.org/observations/15417141,https://inaturalist-open-data.s3.amazonaws.com/photos/23115376/medium.jpeg
15536722,2006-01-24 20:51:00 UTC,https://www.inaturalist.org/observations/15536722,https://inaturalist-open-data.s3.amazonaws.com/photos/23266719/medium.jpeg
15778268,2018-07-08 20:31:00 UTC,https://www.inaturalist.org/observations/15778268,https://inaturalist-open-data.s3.amazonaws.com/photos/23575316/medium.jpeg
16070069,2017-04-17 03:14:00 UTC,https://www.inaturalist.org/observations/16070069,https://inaturalist-open-data.s3.amazonaws.com/photos/24064632/medium.jpeg
16189003,2018-09-01 14:47:00 UTC,https://www.inaturalist.org/observations/16189003,https://inaturalist-open-data.s3.amazonaws.com/photos/24281645/medium.jpeg
16224278,2018-08-07 13:00:00 UTC,https://www.inaturalist.org/observations/16224278,https://inaturalist-open-data.s3.amazonaws.com/photos/24347191/medium.jpg
16288236,2017-08-11 17:18:00 UTC,https://www.inaturalist.org/observations/16288236,https://inaturalist-open-data.s3.amazonaws.com/photos/24460040/medium.jpg
17892779,2018-10-28 00:52:44 UTC,https://www.inaturalist.org/observations/17892779,https://inaturalist-open-data.s3.amazonaws.com/photos/27324900/medium.jpg
18409159,,https://www.inaturalist.org/observations/18409159,https://static.inaturalist.org/photos/28138377/medium.jpeg
18932415,2010-02-01 13:51:00 UTC,https://www.inaturalist.org/observations/18932415,https://inaturalist-open-data.s3.amazonaws.com/photos/29021849/medium.jpg
19076503,,https://www.inaturalist.org/observations/19076503,https://static.inaturalist.org/photos/29269350/medium.jpeg
19140798,2018-12-21 19:52:00 UTC,https://www.inaturalist.org/observations/19140798,https://inaturalist-open-data.s3.amazonaws.com/photos/29385402/medium.jpeg
19170627,2018-12-23 13:50:00 UTC,https://www.inaturalist.org/observations/19170627,https://inaturalist-open-data.s3.amazonaws.com/photos/29440409/medium.jpeg
19192712,,https://www.inaturalist.org/observations/19192712,https://static.inaturalist.org/photos/29479343/medium.jpeg
19201112,2018-12-19 00:40:00 UTC,https://www.inaturalist.org/observations/19201112,https://inaturalist-open-data.s3.amazonaws.com/photos/29492112/medium.jpeg
19320504,2018-12-28 21:06:00 UTC,https://www.inaturalist.org/observations/19320504,https://inaturalist-open-data.s3.amazonaws.com/photos/29703303/medium.jpeg
19331926,2018-12-29 21:20:00 UTC,https://www.inaturalist.org/observations/19331926,https://inaturalist-open-data.s3.amazonaws.com/photos/29723458/medium.jpeg
19332226,2018-12-30 17:39:00 UTC,https://www.inaturalist.org/observations/19332226,https://inaturalist-open-data.s3.amazonaws.com/photos/29724082/medium.jpeg
19402325,2014-06-29 01:55:00 UTC,https://www.inaturalist.org/observations/19402325,https://inaturalist-open-data.s3.amazonaws.com/photos/29841686/medium.jpg
19402327,2014-06-29 03:01:00 UTC,https://www.inaturalist.org/observations/19402327,https://inaturalist-open-data.s3.amazonaws.com/photos/29841688/medium.jpg
19429394,2019-01-05 00:21:22 UTC,https://www.inaturalist.org/observations/19429394,https://static.inaturalist.org/photos/29889026/medium.jpg
19503781,2019-01-05 18:43:41 UTC,https://www.inaturalist.org/observations/19503781,https://static.inaturalist.org/photos/30013211/medium.jpeg
19508864,2019-01-04 02:20:26 UTC,https://www.inaturalist.org/observations/19508864,https://static.inaturalist.org/photos/30021769/medium.jpg
19665803,2019-01-15 02:42:00 UTC,https://www.inaturalist.org/observations/19665803,https://inaturalist-open-data.s3.amazonaws.com/photos/30288154/medium.jpeg
19888299,2018-12-08 16:12:00 UTC,https://www.inaturalist.org/observations/19888299,https://inaturalist-open-data.s3.amazonaws.com/photos/30670124/medium.jpeg
19888300,2018-12-08 16:13:00 UTC,https://www.inaturalist.org/observations/19888300,https://inaturalist-open-data.s3.amazonaws.com/photos/30670127/medium.jpeg
19896395,2019-01-27 03:20:52 UTC,https://www.inaturalist.org/observations/19896395,https://inaturalist-open-data.s3.amazonaws.com/photos/30684738/medium.jpeg
19984042,2018-11-11 18:49:00 UTC,https://www.inaturalist.org/observations/19984042,https://inaturalist-open-data.s3.amazonaws.com/photos/30841450/medium.jpg
20182518,2019-02-02 22:37:00 UTC,https://www.inaturalist.org/observations/20182518,https://inaturalist-open-data.s3.amazonaws.com/photos/31147828/medium.jpeg
20748007,2019-02-25 04:16:52 UTC,https://www.inaturalist.org/observations/20748007,https://inaturalist-open-data.s3.amazonaws.com/photos/31992029/medium.jpeg
21060544,2018-08-20 05:10:00 UTC,https://www.inaturalist.org/observations/21060544,https://inaturalist-open-data.s3.amazonaws.com/photos/32538176/medium.jpg
21772401,,https://www.inaturalist.org/observations/21772401,https://inaturalist-open-data.s3.amazonaws.com/photos/33949685/medium.jpeg
22651308,2019-04-13 03:56:00 UTC,https://www.inaturalist.org/observations/22651308,https://inaturalist-open-data.s3.amazonaws.com/photos/35098015/medium.jpeg
24583191,2017-12-29 06:54:00 UTC,https://www.inaturalist.org/observations/24583191,https://inaturalist-open-data.s3.amazonaws.com/photos/38014138/medium.jpeg
24707273,2019-04-24 23:59:00 UTC,https://www.inaturalist.org/observations/24707273,https://inaturalist-open-data.s3.amazonaws.com/photos/38207816/medium.jpg
25305482,2019-04-30 06:35:00 UTC,https://www.inaturalist.org/observations/25305482,https://inaturalist-open-data.s3.amazonaws.com/photos/39181330/medium.jpeg
25554630,2019-05-18 02:14:00 UTC,https://www.inaturalist.org/observations/25554630,https://inaturalist-open-data.s3.amazonaws.com/photos/39597284/medium.jpg
25554653,2019-05-18 03:44:00 UTC,https://www.inaturalist.org/observations/25554653,https://inaturalist-open-data.s3.amazonaws.com/photos/39597415/medium.jpg
25554670,2019-05-18 05:46:00 UTC,https://www.inaturalist.org/observations/25554670,https://inaturalist-open-data.s3.amazonaws.com/photos/39597494/medium.jpg
25556838,2019-05-18 08:38:00 UTC,https://www.inaturalist.org/observations/25556838,https://inaturalist-open-data.s3.amazonaws.com/photos/39601209/medium.jpg
25556850,2019-05-18 23:40:00 UTC,https://www.inaturalist.org/observations/25556850,https://inaturalist-open-data.s3.amazonaws.com/photos/39601276/medium.jpg
25557305,2019-05-19 01:37:00 UTC,https://www.inaturalist.org/observations/25557305,https://inaturalist-open-data.s3.amazonaws.com/photos/39602112/medium.jpg
25597482,2019-05-23 02:14:35 UTC,https://www.inaturalist.org/observations/25597482,https://inaturalist-open-data.s3.amazonaws.com/photos/39665685/medium.jpg
26529983,2019-03-25 17:02:00 UTC,https://www.inaturalist.org/observations/26529983,https://inaturalist-open-data.s3.amazonaws.com/photos/41203350/medium.jpeg
26603279,2019-06-05 17:46:54 UTC,https://www.inaturalist.org/observations/26603279,https://static.inaturalist.org/photos/41320402/medium.jpeg
26677549,2019-05-28 04:52:00 UTC,https://www.inaturalist.org/observations/26677549,https://inaturalist-open-data.s3.amazonaws.com/photos/41437698/medium.png
28266139,2019-06-22 03:12:00 UTC,https://www.inaturalist.org/observations/28266139,https://inaturalist-open-data.s3.amazonaws.com/photos/44049067/medium.jpeg
28482273,2017-06-21 06:44:00 UTC,https://www.inaturalist.org/observations/28482273,https://inaturalist-open-data.s3.amazonaws.com/photos/44403225/medium.jpg
28987773,2019-06-20 07:55:08 UTC,https://www.inaturalist.org/observations/28987773,https://inaturalist-open-data.s3.amazonaws.com/photos/45218059/medium.jpg
28989497,2016-02-28 06:41:23 UTC,https://www.inaturalist.org/observations/28989497,https://inaturalist-open-data.s3.amazonaws.com/photos/45220854/medium.jpg
30696566,2019-03-08 13:05:00 UTC,https://www.inaturalist.org/observations/30696566,https://inaturalist-open-data.s3.amazonaws.com/photos/47968697/medium.jpeg
30741560,2019-08-05 00:22:00 UTC,https://www.inaturalist.org/observations/30741560,https://inaturalist-open-data.s3.amazonaws.com/photos/48044731/medium.jpeg
33997382,2018-05-17 05:13:00 UTC,https://www.inaturalist.org/observations/33997382,https://inaturalist-open-data.s3.amazonaws.com/photos/53456333/medium.jpeg
34454921,2019-10-15 02:07:01 UTC,https://www.inaturalist.org/observations/34454921,https://static.inaturalist.org/photos/54230049/medium.jpeg
35002757,,https://www.inaturalist.org/observations/35002757,https://static.inaturalist.org/photos/55163083/medium.jpeg
35013630,,https://www.inaturalist.org/observations/35013630,https://static.inaturalist.org/photos/55181036/medium.jpeg
35165825,2007-04-15 02:04:00 UTC,https://www.inaturalist.org/observations/35165825,https://inaturalist-open-data.s3.amazonaws.com/photos/55421119/medium.jpg
35364690,2019-11-05 07:20:00 UTC,https://www.inaturalist.org/observations/35364690,https://inaturalist-open-data.s3.amazonaws.com/photos/55757359/medium.jpeg
35671243,2005-07-16 02:40:00 UTC,https://www.inaturalist.org/observations/35671243,https://inaturalist-open-data.s3.amazonaws.com/photos/56273669/medium.jpg
35966146,2019-11-20 07:09:00 UTC,https://www.inaturalist.org/observations/35966146,https://inaturalist-open-data.s3.amazonaws.com/photos/56785798/medium.jpeg
36102313,2019-11-10 01:38:00 UTC,https://www.inaturalist.org/observations/36102313,https://inaturalist-open-data.s3.amazonaws.com/photos/57025209/medium.jpeg
36159171,2019-11-25 08:32:00 UTC,https://www.inaturalist.org/observations/36159171,https://inaturalist-open-data.s3.amazonaws.com/photos/57124604/medium.jpeg
36159173,2019-11-25 08:33:00 UTC,https://www.inaturalist.org/observations/36159173,https://inaturalist-open-data.s3.amazonaws.com/photos/57124616/medium.jpeg
36160326,2019-11-27 00:53:00 UTC,https://www.inaturalist.org/observations/36160326,https://inaturalist-open-data.s3.amazonaws.com/photos/57126551/medium.jpeg
36405020,2019-12-02 03:16:00 UTC,https://www.inaturalist.org/observations/36405020,https://inaturalist-open-data.s3.amazonaws.com/photos/57543323/medium.jpeg
36405021,2019-12-02 03:25:00 UTC,https://www.inaturalist.org/observations/36405021,https://inaturalist-open-data.s3.amazonaws.com/photos/57543343/medium.jpeg
36405033,2019-12-02 03:41:00 UTC,https://www.inaturalist.org/observations/36405033,https://inaturalist-open-data.s3.amazonaws.com/photos/57543469/medium.jpeg
36531257,2019-11-01 08:21:47 UTC,https://www.inaturalist.org/observations/36531257,https://inaturalist-open-data.s3.amazonaws.com/photos/57759142/medium.jpeg
36671577,2019-12-10 06:19:00 UTC,https://www.inaturalist.org/observations/36671577,https://inaturalist-open-data.s3.amazonaws.com/photos/58000738/medium.jpeg
36844363,2019-12-22 00:04:03 UTC,https://www.inaturalist.org/observations/36844363,https://inaturalist-open-data.s3.amazonaws.com/photos/58309077/medium.jpg
37191639,2019-12-11 08:00:00 UTC,https://www.inaturalist.org/observations/37191639,https://inaturalist-open-data.s3.amazonaws.com/photos/58918684/medium.jpeg
37299299,2020-01-04 02:48:00 UTC,https://www.inaturalist.org/observations/37299299,https://inaturalist-open-data.s3.amazonaws.com/photos/59104296/medium.jpeg
37867647,2020-01-23 05:08:31 UTC,https://www.inaturalist.org/observations/37867647,https://static.inaturalist.org/photos/60115278/medium.jpg
38144887,2020-01-23 01:12:00 UTC,https://www.inaturalist.org/observations/38144887,https://inaturalist-open-data.s3.amazonaws.com/photos/60583878/medium.jpeg
38419498,2019-11-12 00:58:00 UTC,https://www.inaturalist.org/observations/38419498,https://inaturalist-open-data.s3.amazonaws.com/photos/61056129/medium.jpeg
38605469,2020-01-19 08:53:25 UTC,https://www.inaturalist.org/observations/38605469,https://inaturalist-open-data.s3.amazonaws.com/photos/61378793/medium.jpeg
38663896,2020-02-15 09:40:17 UTC,https://www.inaturalist.org/observations/38663896,https://static.inaturalist.org/photos/61482388/medium.jpg
38835011,2020-01-30 05:26:00 UTC,https://www.inaturalist.org/observations/38835011,https://inaturalist-open-data.s3.amazonaws.com/photos/61774547/medium.jpg
39050405,2016-07-29 00:57:00 UTC,https://www.inaturalist.org/observations/39050405,https://inaturalist-open-data.s3.amazonaws.com/photos/61960284/medium.jpeg
39090231,2020-02-20 01:10:00 UTC,https://www.inaturalist.org/observations/39090231,https://inaturalist-open-data.s3.amazonaws.com/photos/62022774/medium.jpeg
39522540,2020-03-04 02:00:00 UTC,https://www.inaturalist.org/observations/39522540,https://inaturalist-open-data.s3.amazonaws.com/photos/62713376/medium.jpeg
39524964,2020-03-02 01:09:00 UTC,https://www.inaturalist.org/observations/39524964,https://inaturalist-open-data.s3.amazonaws.com/photos/62717894/medium.jpeg
40126366,2020-01-22 02:05:00 UTC,https://www.inaturalist.org/observations/40126366,https://inaturalist-open-data.s3.amazonaws.com/photos/63734760/medium.jpeg
40165939,2020-03-11 01:47:00 UTC,https://www.inaturalist.org/observations/40165939,https://inaturalist-open-data.s3.amazonaws.com/photos/63797856/medium.jpeg
40165949,2020-03-11 03:21:00 UTC,https://www.inaturalist.org/observations/40165949,https://inaturalist-open-data.s3.amazonaws.com/photos/63798644/medium.jpeg
40267407,2020-03-20 00:39:00 UTC,https://www.inaturalist.org/observations/40267407,https://static.inaturalist.org/photos/63967344/medium.jpg
40353739,2020-03-21 03:23:00 UTC,https://www.inaturalist.org/observations/40353739,https://inaturalist-open-data.s3.amazonaws.com/photos/64096348/medium.jpeg
40467500,2020-03-21 09:30:00 UTC,https://www.inaturalist.org/observations/40467500,https://static.inaturalist.org/photos/64189596/medium.jpeg
40671971,2020-03-04 03:21:00 UTC,https://www.inaturalist.org/observations/40671971,https://inaturalist-open-data.s3.amazonaws.com/photos/64471634/medium.jpeg
40932013,2020-02-22 03:08:00 UTC,https://www.inaturalist.org/observations/40932013,https://static.inaturalist.org/photos/64895689/medium.jpg
41283623,2020-04-03 01:08:00 UTC,https://www.inaturalist.org/observations/41283623,https://inaturalist-open-data.s3.amazonaws.com/photos/65478983/medium.jpg
41418915,2020-04-01 02:44:00 UTC,https://www.inaturalist.org/observations/41418915,https://static.inaturalist.org/photos/65704439/medium.jpeg
41880967,2020-04-11 03:35:00 UTC,https://www.inaturalist.org/observations/41880967,https://static.inaturalist.org/photos/66459193/medium.jpg
43117515,2020-03-07 04:51:00 UTC,https://www.inaturalist.org/observations/43117515,https://inaturalist-open-data.s3.amazonaws.com/photos/68432419/medium.jpeg
43272900,2020-04-25 07:38:25 UTC,https://www.inaturalist.org/observations/43272900,https://inaturalist-open-data.s3.amazonaws.com/photos/68684970/medium.jpeg
43319830,,https://www.inaturalist.org/observations/43319830,https://static.inaturalist.org/photos/68749630/medium.jpeg
43346146,2020-03-07 05:13:00 UTC,https://www.inaturalist.org/observations/43346146,https://inaturalist-open-data.s3.amazonaws.com/photos/68721340/medium.jpeg
43346233,2020-03-07 05:21:00 UTC,https://www.inaturalist.org/observations/43346233,https://inaturalist-open-data.s3.amazonaws.com/photos/68759382/medium.jpeg
43655544,2020-04-26 07:46:00 UTC,https://www.inaturalist.org/observations/43655544,https://inaturalist-open-data.s3.amazonaws.com/photos/69249636/medium.jpeg
43833436,2020-03-07 06:43:00 UTC,https://www.inaturalist.org/observations/43833436,https://inaturalist-open-data.s3.amazonaws.com/photos/69519490/medium.jpeg
44247583,2020-03-03 02:23:00 UTC,https://www.inaturalist.org/observations/44247583,https://inaturalist-open-data.s3.amazonaws.com/photos/70153159/medium.jpg
44750850,2020-02-19 07:57:00 UTC,https://www.inaturalist.org/observations/44750850,https://inaturalist-open-data.s3.amazonaws.com/photos/70943395/medium.jpeg
44879387,2019-12-03 23:21:00 UTC,https://www.inaturalist.org/observations/44879387,https://inaturalist-open-data.s3.amazonaws.com/photos/71146541/medium.jpeg
44952004,2019-12-13 23:08:00 UTC,https://www.inaturalist.org/observations/44952004,https://inaturalist-open-data.s3.amazonaws.com/photos/71264490/medium.jpeg
44975750,2020-04-25 04:07:09 UTC,https://www.inaturalist.org/observations/44975750,https://static.inaturalist.org/photos/71303910/medium.jpeg
45688119,2020-04-14 01:11:00 UTC,https://www.inaturalist.org/observations/45688119,https://inaturalist-open-data.s3.amazonaws.com/photos/72456588/medium.jpeg
45767181,2019-07-29 03:54:00 UTC,https://www.inaturalist.org/observations/45767181,https://inaturalist-open-data.s3.amazonaws.com/photos/72585237/medium.jpg
45767198,2019-07-29 04:17:00 UTC,https://www.inaturalist.org/observations/45767198,https://inaturalist-open-data.s3.amazonaws.com/photos/72585531/medium.jpg
45767206,2019-07-29 04:32:00 UTC,https://www.inaturalist.org/observations/45767206,https://inaturalist-open-data.s3.amazonaws.com/photos/72585691/medium.jpg
45866841,2020-04-28 00:26:00 UTC,https://www.inaturalist.org/observations/45866841,https://inaturalist-open-data.s3.amazonaws.com/photos/72745418/medium.jpeg
46715096,2018-01-21 08:39:00 UTC,https://www.inaturalist.org/observations/46715096,https://inaturalist-open-data.s3.amazonaws.com/photos/74090049/medium.jpeg
46942539,2020-05-23 09:02:13 UTC,https://www.inaturalist.org/observations/46942539,https://inaturalist-open-data.s3.amazonaws.com/photos/74449631/medium.jpeg
49029597,2019-10-23 23:17:11 UTC,https://www.inaturalist.org/observations/49029597,https://static.inaturalist.org/photos/77821467/medium.jpg
49692608,,https://www.inaturalist.org/observations/49692608,https://inaturalist-open-data.s3.amazonaws.com/photos/78892175/medium.jpg
51442691,2020-06-29 21:34:03 UTC,https://www.inaturalist.org/observations/51442691,https://static.inaturalist.org/photos/81733334/medium.jpeg
51557514,2020-06-22 08:37:00 UTC,https://www.inaturalist.org/observations/51557514,https://inaturalist-open-data.s3.amazonaws.com/photos/81923819/medium.jpeg
52340846,2020-07-08 01:48:21 UTC,https://www.inaturalist.org/observations/52340846,https://inaturalist-open-data.s3.amazonaws.com/photos/83200249/medium.jpeg
53129495,2020-04-23 09:19:00 UTC,https://www.inaturalist.org/observations/53129495,https://inaturalist-open-data.s3.amazonaws.com/photos/84489648/medium.jpeg
53140109,2020-07-02 03:31:00 UTC,https://www.inaturalist.org/observations/53140109,https://inaturalist-open-data.s3.amazonaws.com/photos/84505457/medium.jpg
53339980,,https://www.inaturalist.org/observations/53339980,https://static.inaturalist.org/photos/84830652/medium.jpeg
53340066,,https://www.inaturalist.org/observations/53340066,https://static.inaturalist.org/photos/84830906/medium.jpeg
54244898,2019-12-09 04:15:00 UTC,https://www.inaturalist.org/observations/54244898,https://inaturalist-open-data.s3.amazonaws.com/photos/86305752/medium.jpg
54254480,2019-12-10 07:49:00 UTC,https://www.inaturalist.org/observations/54254480,https://inaturalist-open-data.s3.amazonaws.com/photos/86321455/medium.jpg
54497927,2020-07-13 06:29:00 UTC,https://www.inaturalist.org/observations/54497927,https://inaturalist-open-data.s3.amazonaws.com/photos/86717287/medium.jpeg
54933144,2020-07-31 03:22:32 UTC,https://www.inaturalist.org/observations/54933144,https://inaturalist-open-data.s3.amazonaws.com/photos/87438241/medium.jpeg
55688186,2010-10-31 11:35:00 UTC,https://www.inaturalist.org/observations/55688186,https://inaturalist-open-data.s3.amazonaws.com/photos/88690283/medium.jpg
55690269,2010-11-01 12:13:00 UTC,https://www.inaturalist.org/observations/55690269,https://inaturalist-open-data.s3.amazonaws.com/photos/88693952/medium.jpg
55863923,2011-06-02 00:56:00 UTC,https://www.inaturalist.org/observations/55863923,https://inaturalist-open-data.s3.amazonaws.com/photos/88979187/medium.jpg
55863980,2011-06-02 00:56:00 UTC,https://www.inaturalist.org/observations/55863980,https://inaturalist-open-data.s3.amazonaws.com/photos/88979662/medium.jpg
55863981,2011-06-02 00:56:00 UTC,https://www.inaturalist.org/observations/55863981,https://inaturalist-open-data.s3.amazonaws.com/photos/88979634/medium.jpg
56725882,2020-08-17 09:20:11 UTC,https://www.inaturalist.org/observations/56725882,https://inaturalist-open-data.s3.amazonaws.com/photos/90419182/medium.jpeg
56821674,2018-04-29 00:07:00 UTC,https://www.inaturalist.org/observations/56821674,https://inaturalist-open-data.s3.amazonaws.com/photos/90579566/medium.jpg
57000420,2017-02-05 23:02:00 UTC,https://www.inaturalist.org/observations/57000420,https://inaturalist-open-data.s3.amazonaws.com/photos/90883823/medium.jpeg
57415964,2020-08-20 02:28:00 UTC,https://www.inaturalist.org/observations/57415964,https://inaturalist-open-data.s3.amazonaws.com/photos/91576083/medium.jpeg
57415970,2020-08-20 06:54:00 UTC,https://www.inaturalist.org/observations/57415970,https://inaturalist-open-data.s3.amazonaws.com/photos/91576672/medium.jpeg
57416030,2020-08-19 23:52:00 UTC,https://www.inaturalist.org/observations/57416030,https://inaturalist-open-data.s3.amazonaws.com/photos/91579046/medium.jpeg
57416034,2020-08-20 00:04:00 UTC,https://www.inaturalist.org/observations/57416034,https://inaturalist-open-data.s3.amazonaws.com/photos/91579167/medium.jpeg
57416035,2020-08-20 00:12:00 UTC,https://www.inaturalist.org/observations/57416035,https://inaturalist-open-data.s3.amazonaws.com/photos/91579315/medium.jpeg
57533995,2014-12-14 12:03:00 UTC,https://www.inaturalist.org/observations/57533995,https://inaturalist-open-data.s3.amazonaws.com/photos/91780128/medium.jpg
57799847,2015-05-01 03:04:00 UTC,https://www.inaturalist.org/observations/57799847,https://inaturalist-open-data.s3.amazonaws.com/photos/92226695/medium.jpg
59086316,2020-08-30 05:29:54 UTC,https://www.inaturalist.org/observations/59086316,https://static.inaturalist.org/photos/95357993/medium.jpeg
60851686,2015-04-02 09:37:50 UTC,https://www.inaturalist.org/observations/60851686,https://static.inaturalist.org/photos/97326006/medium.jpeg
61057007,2020-09-28 01:53:47 UTC,https://www.inaturalist.org/observations/61057007,https://inaturalist-open-data.s3.amazonaws.com/photos/97667077/medium.jpeg
62012301,2018-03-31 09:18:00 UTC,https://www.inaturalist.org/observations/62012301,https://inaturalist-open-data.s3.amazonaws.com/photos/99303571/medium.jpeg
62035532,2020-10-07 23:42:00 UTC,https://www.inaturalist.org/observations/62035532,https://inaturalist-open-data.s3.amazonaws.com/photos/99343720/medium.jpeg
62477949,2019-12-07 23:45:00 UTC,https://www.inaturalist.org/observations/62477949,https://inaturalist-open-data.s3.amazonaws.com/photos/100109272/medium.jpeg
62546580,2020-10-12 01:58:00 UTC,https://www.inaturalist.org/observations/62546580,https://inaturalist-open-data.s3.amazonaws.com/photos/100232415/medium.jpeg
63956175,2020-11-01 07:02:00 UTC,https://www.inaturalist.org/observations/63956175,https://inaturalist-open-data.s3.amazonaws.com/photos/102733775/medium.jpeg
63956179,2020-11-01 08:43:00 UTC,https://www.inaturalist.org/observations/63956179,https://inaturalist-open-data.s3.amazonaws.com/photos/102733830/medium.jpeg
64098655,2020-11-03 08:39:00 UTC,https://www.inaturalist.org/observations/64098655,https://inaturalist-open-data.s3.amazonaws.com/photos/102995626/medium.jpeg
64344258,2020-11-07 04:52:50 UTC,https://www.inaturalist.org/observations/64344258,https://inaturalist-open-data.s3.amazonaws.com/photos/103431363/medium.jpeg
64587871,2020-10-31 00:37:00 UTC,https://www.inaturalist.org/observations/64587871,https://inaturalist-open-data.s3.amazonaws.com/photos/103857059/medium.jpg
65393074,2020-11-22 08:51:25 UTC,https://www.inaturalist.org/observations/65393074,https://static.inaturalist.org/photos/105245294/medium.jpg
65464505,2020-11-23 08:08:00 UTC,https://www.inaturalist.org/observations/65464505,https://inaturalist-open-data.s3.amazonaws.com/photos/105374291/medium.jpeg
65734590,2020-11-28 04:57:52 UTC,https://www.inaturalist.org/observations/65734590,https://inaturalist-open-data.s3.amazonaws.com/photos/105850867/medium.jpeg
65794980,2020-11-29 01:32:18 UTC,https://www.inaturalist.org/observations/65794980,https://static.inaturalist.org/photos/105959737/medium.jpg
65881793,2019-07-20 07:56:00 UTC,https://www.inaturalist.org/observations/65881793,https://inaturalist-open-data.s3.amazonaws.com/photos/106113535/medium.jpeg
65935102,2020-11-30 20:49:00 UTC,https://www.inaturalist.org/observations/65935102,https://inaturalist-open-data.s3.amazonaws.com/photos/106206437/medium.jpg
65978722,2017-07-28 05:16:40 UTC,https://www.inaturalist.org/observations/65978722,https://static.inaturalist.org/photos/106266586/medium.jpg
66140176,2019-11-10 16:41:00 UTC,https://www.inaturalist.org/observations/66140176,https://inaturalist-open-data.s3.amazonaws.com/photos/106556211/medium.jpeg
66188754,2020-12-04 23:25:00 UTC,https://www.inaturalist.org/observations/66188754,https://inaturalist-open-data.s3.amazonaws.com/photos/106649936/medium.jpeg
66285039,2020-11-30 07:09:00 UTC,https://www.inaturalist.org/observations/66285039,https://inaturalist-open-data.s3.amazonaws.com/photos/106821646/medium.jpeg
66294640,2020-10-18 00:42:00 UTC,https://www.inaturalist.org/observations/66294640,https://inaturalist-open-data.s3.amazonaws.com/photos/106839412/medium.jpeg
66374994,2020-07-08 17:57:00 UTC,https://www.inaturalist.org/observations/66374994,https://inaturalist-open-data.s3.amazonaws.com/photos/106986850/medium.jpeg
66419047,2020-11-06 13:26:00 UTC,https://www.inaturalist.org/observations/66419047,https://inaturalist-open-data.s3.amazonaws.com/photos/107065758/medium.jpeg
66453442,2020-12-09 23:50:00 UTC,https://www.inaturalist.org/observations/66453442,https://inaturalist-open-data.s3.amazonaws.com/photos/107129765/medium.jpeg
66458585,2020-12-10 08:23:00 UTC,https://www.inaturalist.org/observations/66458585,https://inaturalist-open-data.s3.amazonaws.com/photos/107140441/medium.jpeg
66697599,2020-11-15 00:22:00 UTC,https://www.inaturalist.org/observations/66697599,https://inaturalist-open-data.s3.amazonaws.com/photos/107580906/medium.jpeg
67391744,2020-12-31 23:26:00 UTC,https://www.inaturalist.org/observations/67391744,https://inaturalist-open-data.s3.amazonaws.com/photos/108871825/medium.jpeg
67560885,2021-01-01 01:16:00 UTC,https://www.inaturalist.org/observations/67560885,https://inaturalist-open-data.s3.amazonaws.com/photos/109184668/medium.jpg
67700395,2021-01-05 07:58:00 UTC,https://www.inaturalist.org/observations/67700395,https://inaturalist-open-data.s3.amazonaws.com/photos/109449489/medium.jpeg
68322992,2021-01-01 07:37:00 UTC,https://www.inaturalist.org/observations/68322992,https://inaturalist-open-data.s3.amazonaws.com/photos/110600111/medium.jpeg
68365964,2020-12-28 07:04:00 UTC,https://www.inaturalist.org/observations/68365964,https://inaturalist-open-data.s3.amazonaws.com/photos/110680607/medium.jpeg
68403524,2021-01-21 00:58:00 UTC,https://www.inaturalist.org/observations/68403524,https://inaturalist-open-data.s3.amazonaws.com/photos/110753024/medium.jpeg
68912264,2021-01-21 06:02:00 UTC,https://www.inaturalist.org/observations/68912264,https://inaturalist-open-data.s3.amazonaws.com/photos/111701326/medium.jpeg
68953459,2021-01-31 07:44:00 UTC,https://www.inaturalist.org/observations/68953459,https://inaturalist-open-data.s3.amazonaws.com/photos/111778520/medium.jpeg
69132004,2021-02-06 05:54:58 UTC,https://www.inaturalist.org/observations/69132004,https://inaturalist-open-data.s3.amazonaws.com/photos/112108968/medium.jpg
69179839,2021-02-07 02:54:56 UTC,https://www.inaturalist.org/observations/69179839,https://inaturalist-open-data.s3.amazonaws.com/photos/112198264/medium.jpeg
69332934,2021-02-10 00:59:42 UTC,https://www.inaturalist.org/observations/69332934,https://static.inaturalist.org/photos/112491343/medium.jpeg
69450830,2021-02-12 08:13:00 UTC,https://www.inaturalist.org/observations/69450830,https://inaturalist-open-data.s3.amazonaws.com/photos/112689367/medium.jpeg
69812005,2021-01-21 03:51:00 UTC,https://www.inaturalist.org/observations/69812005,https://inaturalist-open-data.s3.amazonaws.com/photos/113368104/medium.jpeg
69812960,2021-01-22 08:00:00 UTC,https://www.inaturalist.org/observations/69812960,https://inaturalist-open-data.s3.amazonaws.com/photos/113370212/medium.jpg
69857526,2021-01-22 07:32:00 UTC,https://www.inaturalist.org/observations/69857526,https://inaturalist-open-data.s3.amazonaws.com/photos/113452540/medium.jpg
69863455,2021-02-12 07:07:00 UTC,https://www.inaturalist.org/observations/69863455,https://inaturalist-open-data.s3.amazonaws.com/photos/113463655/medium.jpeg
69863456,2021-02-12 07:08:00 UTC,https://www.inaturalist.org/observations/69863456,https://inaturalist-open-data.s3.amazonaws.com/photos/113463667/medium.jpeg
70329128,2021-02-28 08:32:59 UTC,https://www.inaturalist.org/observations/70329128,https://inaturalist-open-data.s3.amazonaws.com/photos/114308681/medium.jpeg
71040559,2021-03-04 07:02:00 UTC,https://www.inaturalist.org/observations/71040559,https://inaturalist-open-data.s3.amazonaws.com/photos/115594008/medium.jpeg
71784842,2019-06-14 16:43:00 UTC,https://www.inaturalist.org/observations/71784842,https://static.inaturalist.org/photos/116929364/medium.jpeg
71936223,2021-02-18 09:31:00 UTC,https://www.inaturalist.org/observations/71936223,https://inaturalist-open-data.s3.amazonaws.com/photos/117200463/medium.jpeg
71944895,,https://www.inaturalist.org/observations/71944895,https://inaturalist-open-data.s3.amazonaws.com/photos/117215907/medium.jpeg
72021981,,https://www.inaturalist.org/observations/72021981,https://inaturalist-open-data.s3.amazonaws.com/photos/117355529/medium.jpeg
72663672,2021-04-02 00:10:43 UTC,https://www.inaturalist.org/observations/72663672,https://inaturalist-open-data.s3.amazonaws.com/photos/118512229/medium.jpg
72663708,2021-04-02 00:10:35 UTC,https://www.inaturalist.org/observations/72663708,https://inaturalist-open-data.s3.amazonaws.com/photos/118512323/medium.jpg
73296016,2021-02-06 08:13:04 UTC,https://www.inaturalist.org/observations/73296016,https://static.inaturalist.org/photos/119643611/medium.jpg
73408947,2020-03-06 09:26:00 UTC,https://www.inaturalist.org/observations/73408947,https://inaturalist-open-data.s3.amazonaws.com/photos/119839502/medium.jpeg
73408948,2020-04-15 08:57:00 UTC,https://www.inaturalist.org/observations/73408948,https://inaturalist-open-data.s3.amazonaws.com/photos/119840161/medium.jpeg
73408949,2021-01-12 01:34:00 UTC,https://www.inaturalist.org/observations/73408949,https://inaturalist-open-data.s3.amazonaws.com/photos/119840768/medium.jpeg
73472344,2021-04-09 16:00:00 UTC,https://www.inaturalist.org/observations/73472344,https://static.inaturalist.org/photos/119955923/medium.jpg
73495645,2021-04-10 01:31:00 UTC,https://www.inaturalist.org/observations/73495645,https://inaturalist-open-data.s3.amazonaws.com/photos/119995232/medium.jpg
73516830,2021-03-09 08:19:00 UTC,https://www.inaturalist.org/observations/73516830,https://inaturalist-open-data.s3.amazonaws.com/photos/120018811/medium.jpeg
73589275,2021-04-10 03:42:57 UTC,https://www.inaturalist.org/observations/73589275,https://static.inaturalist.org/photos/120158999/medium.jpg
73697422,2021-04-06 07:38:00 UTC,https://www.inaturalist.org/observations/73697422,https://inaturalist-open-data.s3.amazonaws.com/photos/120344641/medium.jpeg
74208115,,https://www.inaturalist.org/observations/74208115,https://inaturalist-open-data.s3.amazonaws.com/photos/121258198/medium.jpeg
74277715,2021-04-17 08:30:00 UTC,https://www.inaturalist.org/observations/74277715,https://inaturalist-open-data.s3.amazonaws.com/photos/121374361/medium.jpeg
74605489,2021-04-19 06:22:31 UTC,https://www.inaturalist.org/observations/74605489,https://static.inaturalist.org/photos/121953706/medium.jpg
74817401,2021-04-22 01:38:00 UTC,https://www.inaturalist.org/observations/74817401,https://inaturalist-open-data.s3.amazonaws.com/photos/122329331/medium.jpeg
76245917,2021-04-24 09:07:00 UTC,https://www.inaturalist.org/observations/76245917,https://inaturalist-open-data.s3.amazonaws.com/photos/124722637/medium.jpeg
76245918,2021-04-24 09:08:00 UTC,https://www.inaturalist.org/observations/76245918,https://inaturalist-open-data.s3.amazonaws.com/photos/124722769/medium.jpeg
76245919,2021-04-24 09:09:00 UTC,https://www.inaturalist.org/observations/76245919,https://inaturalist-open-data.s3.amazonaws.com/photos/124722936/medium.jpeg
76245925,2021-04-24 09:11:00 UTC,https://www.inaturalist.org/observations/76245925,https://inaturalist-open-data.s3.amazonaws.com/photos/124723229/medium.jpeg
76245934,2021-04-24 09:24:00 UTC,https://www.inaturalist.org/observations/76245934,https://inaturalist-open-data.s3.amazonaws.com/photos/124724038/medium.jpeg
76245935,2021-04-24 09:23:00 UTC,https://www.inaturalist.org/observations/76245935,https://inaturalist-open-data.s3.amazonaws.com/photos/124723860/medium.jpeg
76245939,2021-04-24 09:25:00 UTC,https://www.inaturalist.org/observations/76245939,https://inaturalist-open-data.s3.amazonaws.com/photos/124724232/medium.jpeg
76841700,2021-05-02 01:02:00 UTC,https://www.inaturalist.org/observations/76841700,https://inaturalist-open-data.s3.amazonaws.com/photos/125667071/medium.jpeg
76859229,2021-05-03 01:03:00 UTC,https://www.inaturalist.org/observations/76859229,https://inaturalist-open-data.s3.amazonaws.com/photos/125702390/medium.jpeg
77412015,2021-04-30 20:16:00 UTC,https://www.inaturalist.org/observations/77412015,https://inaturalist-open-data.s3.amazonaws.com/photos/126598949/medium.jpeg
78952495,2018-03-16 14:31:00 UTC,https://www.inaturalist.org/observations/78952495,https://static.inaturalist.org/photos/129268181/medium.jpeg
79358335,2017-12-24 06:43:00 UTC,https://www.inaturalist.org/observations/79358335,https://inaturalist-open-data.s3.amazonaws.com/photos/129981150/medium.jpeg
79359662,2017-12-28 05:48:00 UTC,https://www.inaturalist.org/observations/79359662,https://inaturalist-open-data.s3.amazonaws.com/photos/129984296/medium.jpeg
79370138,2021-05-15 00:43:25 UTC,https://www.inaturalist.org/observations/79370138,https://static.inaturalist.org/photos/130003027/medium.jpeg
79461224,2021-05-01 07:36:00 UTC,https://www.inaturalist.org/observations/79461224,https://inaturalist-open-data.s3.amazonaws.com/photos/130147060/medium.jpeg
79503484,2018-01-14 02:04:00 UTC,https://www.inaturalist.org/observations/79503484,https://inaturalist-open-data.s3.amazonaws.com/photos/130225868/medium.jpeg
79814795,2018-01-21 04:30:00 UTC,https://www.inaturalist.org/observations/79814795,https://inaturalist-open-data.s3.amazonaws.com/photos/130756398/medium.jpeg
80678122,2021-05-28 22:25:24 UTC,https://www.inaturalist.org/observations/80678122,https://inaturalist-open-data.s3.amazonaws.com/photos/132249667/medium.jpeg
80678158,2021-05-28 22:46:40 UTC,https://www.inaturalist.org/observations/80678158,https://inaturalist-open-data.s3.amazonaws.com/photos/132253078/medium.jpeg
81535107,2021-06-04 08:00:23 UTC,https://www.inaturalist.org/observations/81535107,https://static.inaturalist.org/photos/133750150/medium.jpeg
81831755,2021-05-21 08:41:00 UTC,https://www.inaturalist.org/observations/81831755,https://inaturalist-open-data.s3.amazonaws.com/photos/134248426/medium.jpeg
81846333,2021-05-28 04:23:00 UTC,https://www.inaturalist.org/observations/81846333,https://inaturalist-open-data.s3.amazonaws.com/photos/134252327/medium.jpeg
82716495,2021-06-12 05:40:00 UTC,https://www.inaturalist.org/observations/82716495,https://inaturalist-open-data.s3.amazonaws.com/photos/135774573/medium.jpeg
82716496,2021-06-12 05:56:00 UTC,https://www.inaturalist.org/observations/82716496,https://inaturalist-open-data.s3.amazonaws.com/photos/135775381/medium.jpeg
83790171,2021-05-14 00:38:00 UTC,https://www.inaturalist.org/observations/83790171,https://inaturalist-open-data.s3.amazonaws.com/photos/137640562/medium.jpeg
83790177,2021-05-14 00:48:00 UTC,https://www.inaturalist.org/observations/83790177,https://inaturalist-open-data.s3.amazonaws.com/photos/137640609/medium.jpeg
83790181,2021-05-14 01:01:00 UTC,https://www.inaturalist.org/observations/83790181,https://inaturalist-open-data.s3.amazonaws.com/photos/137640629/medium.jpeg
83946078,2021-05-14 06:33:00 UTC,https://www.inaturalist.org/observations/83946078,https://inaturalist-open-data.s3.amazonaws.com/photos/137913482/medium.jpg
84002834,2018-02-24 03:03:00 UTC,https://www.inaturalist.org/observations/84002834,https://inaturalist-open-data.s3.amazonaws.com/photos/138018839/medium.jpeg
84020074,2021-05-15 01:32:00 UTC,https://www.inaturalist.org/observations/84020074,https://inaturalist-open-data.s3.amazonaws.com/photos/138048757/medium.jpeg
84020075,2021-05-15 01:40:00 UTC,https://www.inaturalist.org/observations/84020075,https://inaturalist-open-data.s3.amazonaws.com/photos/138048764/medium.jpeg
85433744,2021-05-16 01:56:00 UTC,https://www.inaturalist.org/observations/85433744,https://inaturalist-open-data.s3.amazonaws.com/photos/140566590/medium.jpeg
86395555,2021-07-04 03:49:03 UTC,https://www.inaturalist.org/observations/86395555,https://inaturalist-open-data.s3.amazonaws.com/photos/142321564/medium.jpeg
87098522,2021-07-06 22:49:24 UTC,https://www.inaturalist.org/observations/87098522,https://inaturalist-open-data.s3.amazonaws.com/photos/143577950/medium.jpg
87933708,2021-06-30 02:18:00 UTC,https://www.inaturalist.org/observations/87933708,https://inaturalist-open-data.s3.amazonaws.com/photos/145027753/medium.jpeg
90115529,2021-08-03 01:32:11 UTC,https://www.inaturalist.org/observations/90115529,https://inaturalist-open-data.s3.amazonaws.com/photos/148895241/medium.jpeg
90501428,2021-05-08 09:15:00 UTC,https://www.inaturalist.org/observations/90501428,https://inaturalist-open-data.s3.amazonaws.com/photos/149585675/medium.jpeg
92547696,2021-08-24 09:27:00 UTC,https://www.inaturalist.org/observations/92547696,https://inaturalist-open-data.s3.amazonaws.com/photos/153255255/medium.jpeg
93587942,2014-03-26 09:10:00 UTC,https://www.inaturalist.org/observations/93587942,https://inaturalist-open-data.s3.amazonaws.com/photos/155131574/medium.jpeg
94115404,2021-07-27 03:27:00 UTC,https://www.inaturalist.org/observations/94115404,https://inaturalist-open-data.s3.amazonaws.com/photos/156082735/medium.jpeg
95660771,2021-09-21 16:16:00 UTC,https://www.inaturalist.org/observations/95660771,https://inaturalist-open-data.s3.amazonaws.com/photos/158831575/medium.jpeg
96070299,2021-09-24 00:41:00 UTC,https://www.inaturalist.org/observations/96070299,https://static.inaturalist.org/photos/159561288/medium.jpg
97562981,2021-10-07 03:34:00 UTC,https://www.inaturalist.org/observations/97562981,https://inaturalist-open-data.s3.amazonaws.com/photos/162272967/medium.jpeg
98749641,2021-10-20 00:06:36 UTC,https://www.inaturalist.org/observations/98749641,https://static.inaturalist.org/photos/164482385/medium.jpg
98800914,2021-10-15 03:03:00 UTC,https://www.inaturalist.org/observations/98800914,https://inaturalist-open-data.s3.amazonaws.com/photos/164566771/medium.jpeg
99792410,2021-01-15 00:07:35 UTC,https://www.inaturalist.org/observations/99792410,https://static.inaturalist.org/photos/166434119/medium.jpeg
99882450,2021-10-04 07:05:00 UTC,https://www.inaturalist.org/observations/99882450,https://inaturalist-open-data.s3.amazonaws.com/photos/166605177/medium.jpeg
99990444,2021-11-01 07:38:00 UTC,https://www.inaturalist.org/observations/99990444,https://inaturalist-open-data.s3.amazonaws.com/photos/166816820/medium.jpg
100153518,2021-02-06 09:03:00 UTC,https://www.inaturalist.org/observations/100153518,https://inaturalist-open-data.s3.amazonaws.com/photos/167116403/medium.jpg
100239260,2021-01-23 03:27:00 UTC,https://www.inaturalist.org/observations/100239260,https://inaturalist-open-data.s3.amazonaws.com/photos/167271728/medium.jpg
100575718,2021-11-08 03:50:00 UTC,https://www.inaturalist.org/observations/100575718,https://inaturalist-open-data.s3.amazonaws.com/photos/167884783/medium.jpg
101275606,2021-11-10 07:00:00 UTC,https://www.inaturalist.org/observations/101275606,https://inaturalist-open-data.s3.amazonaws.com/photos/169116371/medium.jpeg
101334140,2021-11-15 06:36:00 UTC,https://www.inaturalist.org/observations/101334140,https://inaturalist-open-data.s3.amazonaws.com/photos/169215406/medium.jpg
101384236,2021-11-18 06:17:35 UTC,https://www.inaturalist.org/observations/101384236,https://inaturalist-open-data.s3.amazonaws.com/photos/169311695/medium.jpg
101499184,2008-11-23 07:00:00 UTC,https://www.inaturalist.org/observations/101499184,https://inaturalist-open-data.s3.amazonaws.com/photos/169520035/medium.jpg
101500284,2008-11-27 01:47:00 UTC,https://www.inaturalist.org/observations/101500284,https://inaturalist-open-data.s3.amazonaws.com/photos/169521162/medium.jpg
101607056,2021-11-20 01:18:52 UTC,https://www.inaturalist.org/observations/101607056,https://inaturalist-open-data.s3.amazonaws.com/photos/169712049/medium.jpg
101607061,2021-11-20 01:15:01 UTC,https://www.inaturalist.org/observations/101607061,https://inaturalist-open-data.s3.amazonaws.com/photos/169712070/medium.jpg
101608638,2021-11-21 04:04:29 UTC,https://www.inaturalist.org/observations/101608638,https://inaturalist-open-data.s3.amazonaws.com/photos/169714544/medium.jpg
101715349,2021-11-18 03:50:00 UTC,https://www.inaturalist.org/observations/101715349,https://inaturalist-open-data.s3.amazonaws.com/photos/169893647/medium.jpeg
101818722,2021-11-24 14:08:00 UTC,https://www.inaturalist.org/observations/101818722,https://inaturalist-open-data.s3.amazonaws.com/photos/170082132/medium.jpeg
101822001,2021-11-24 13:05:00 UTC,https://www.inaturalist.org/observations/101822001,https://static.inaturalist.org/photos/170087941/medium.jpg
102285948,2021-12-01 05:46:50 UTC,https://www.inaturalist.org/observations/102285948,https://static.inaturalist.org/photos/170948419/medium.jpeg
102345774,2021-12-02 08:57:44 UTC,https://www.inaturalist.org/observations/102345774,https://static.inaturalist.org/photos/171059574/medium.jpeg
102463285,2021-12-01 02:28:00 UTC,https://www.inaturalist.org/observations/102463285,https://inaturalist-open-data.s3.amazonaws.com/photos/171274176/medium.jpeg
102665359,2021-12-07 03:10:00 UTC,https://www.inaturalist.org/observations/102665359,https://inaturalist-open-data.s3.amazonaws.com/photos/171666586/medium.jpeg
102665360,2021-12-07 04:17:00 UTC,https://www.inaturalist.org/observations/102665360,https://inaturalist-open-data.s3.amazonaws.com/photos/171666913/medium.jpeg
102849382,2021-12-11 07:39:00 UTC,https://www.inaturalist.org/observations/102849382,https://inaturalist-open-data.s3.amazonaws.com/photos/172012865/medium.jpeg
102859667,2021-12-11 05:57:54 UTC,https://www.inaturalist.org/observations/102859667,https://inaturalist-open-data.s3.amazonaws.com/photos/172033405/medium.jpg
102982733,2021-12-13 05:38:00 UTC,https://www.inaturalist.org/observations/102982733,https://inaturalist-open-data.s3.amazonaws.com/photos/172261523/medium.jpg
103038139,2021-12-14 07:55:34 UTC,https://www.inaturalist.org/observations/103038139,https://inaturalist-open-data.s3.amazonaws.com/photos/172364969/medium.jpg
103255621,2021-12-17 01:50:23 UTC,https://www.inaturalist.org/observations/103255621,https://static.inaturalist.org/photos/172770138/medium.jpg
103428516,2021-12-20 03:24:00 UTC,https://www.inaturalist.org/observations/103428516,https://inaturalist-open-data.s3.amazonaws.com/photos/173098470/medium.jpeg
103444846,2021-12-18 01:47:48 UTC,https://www.inaturalist.org/observations/103444846,https://inaturalist-open-data.s3.amazonaws.com/photos/173131584/medium.jpg
103446567,2021-12-22 01:16:25 UTC,https://www.inaturalist.org/observations/103446567,https://static.inaturalist.org/photos/173151411/medium.jpeg
103476095,2021-12-22 06:13:00 UTC,https://www.inaturalist.org/observations/103476095,https://inaturalist-open-data.s3.amazonaws.com/photos/173188872/medium.jpeg
103614638,2021-12-25 01:49:57 UTC,https://www.inaturalist.org/observations/103614638,https://inaturalist-open-data.s3.amazonaws.com/photos/173596014/medium.jpeg
103821757,2021-12-28 04:04:00 UTC,https://www.inaturalist.org/observations/103821757,https://inaturalist-open-data.s3.amazonaws.com/photos/173858470/medium.jpeg
103942601,2021-12-30 08:01:18 UTC,https://www.inaturalist.org/observations/103942601,https://inaturalist-open-data.s3.amazonaws.com/photos/174097690/medium.jpg
104080127,2022-01-01 03:50:43 UTC,https://www.inaturalist.org/observations/104080127,https://inaturalist-open-data.s3.amazonaws.com/photos/174351920/medium.jpg
104092266,2021-12-30 11:36:00 UTC,https://www.inaturalist.org/observations/104092266,https://inaturalist-open-data.s3.amazonaws.com/photos/174373997/medium.jpeg
104337081,2021-12-20 01:10:00 UTC,https://www.inaturalist.org/observations/104337081,https://inaturalist-open-data.s3.amazonaws.com/photos/174804369/medium.jpeg
104411935,2021-12-23 06:39:00 UTC,https://www.inaturalist.org/observations/104411935,https://inaturalist-open-data.s3.amazonaws.com/photos/174947544/medium.jpeg
104415661,2021-12-28 04:06:00 UTC,https://www.inaturalist.org/observations/104415661,https://inaturalist-open-data.s3.amazonaws.com/photos/174954058/medium.jpeg
104415663,2021-12-28 04:09:00 UTC,https://www.inaturalist.org/observations/104415663,https://inaturalist-open-data.s3.amazonaws.com/photos/174954217/medium.jpeg
104706094,2022-01-10 06:27:00 UTC,https://www.inaturalist.org/observations/104706094,https://inaturalist-open-data.s3.amazonaws.com/photos/175506469/medium.jpeg
104711199,2022-01-10 07:33:00 UTC,https://www.inaturalist.org/observations/104711199,https://inaturalist-open-data.s3.amazonaws.com/photos/175510875/medium.jpeg
104711221,2022-01-10 08:01:00 UTC,https://www.inaturalist.org/observations/104711221,https://inaturalist-open-data.s3.amazonaws.com/photos/175513674/medium.jpeg
104712137,2022-01-10 08:35:00 UTC,https://www.inaturalist.org/observations/104712137,https://inaturalist-open-data.s3.amazonaws.com/photos/175515586/medium.jpeg
105137918,2022-01-05 09:28:00 UTC,https://www.inaturalist.org/observations/105137918,https://static.inaturalist.org/photos/176334691/medium.jpeg
105309496,2021-01-27 06:02:00 UTC,https://www.inaturalist.org/observations/105309496,https://inaturalist-open-data.s3.amazonaws.com/photos/176668463/medium.jpeg
105430043,2022-01-22 14:02:03 UTC,https://www.inaturalist.org/observations/105430043,https://static.inaturalist.org/photos/176894965/medium.jpeg
105495850,2022-01-24 05:35:00 UTC,https://www.inaturalist.org/observations/105495850,https://inaturalist-open-data.s3.amazonaws.com/photos/177018053/medium.jpeg
105646981,2021-12-31 07:06:00 UTC,https://www.inaturalist.org/observations/105646981,https://inaturalist-open-data.s3.amazonaws.com/photos/177305557/medium.jpeg
106025163,2022-01-20 04:46:00 UTC,https://www.inaturalist.org/observations/106025163,https://inaturalist-open-data.s3.amazonaws.com/photos/178021242/medium.jpeg
106583444,2022-01-17 06:07:00 UTC,https://www.inaturalist.org/observations/106583444,https://static.inaturalist.org/photos/179075236/medium.jpeg
106606760,2022-02-05 00:03:00 UTC,https://www.inaturalist.org/observations/106606760,https://inaturalist-open-data.s3.amazonaws.com/photos/179119713/medium.jpeg
106729779,2022-02-13 04:12:00 UTC,https://www.inaturalist.org/observations/106729779,https://inaturalist-open-data.s3.amazonaws.com/photos/179355395/medium.jpg
106739648,2020-07-25 09:51:00 UTC,https://www.inaturalist.org/observations/106739648,https://inaturalist-open-data.s3.amazonaws.com/photos/179374349/medium.jpeg
106795013,2022-02-12 03:30:00 UTC,https://www.inaturalist.org/observations/106795013,https://inaturalist-open-data.s3.amazonaws.com/photos/179483450/medium.jpg
106963346,2022-02-18 08:45:38 UTC,https://www.inaturalist.org/observations/106963346,https://inaturalist-open-data.s3.amazonaws.com/photos/179804664/medium.jpeg
107244928,2021-03-19 03:01:00 UTC,https://www.inaturalist.org/observations/107244928,https://static.inaturalist.org/photos/180334636/medium.jpeg
107299407,2022-02-15 06:26:00 UTC,https://www.inaturalist.org/observations/107299407,https://inaturalist-open-data.s3.amazonaws.com/photos/180437550/medium.jpeg
107311741,2020-03-26 08:52:00 UTC,https://www.inaturalist.org/observations/107311741,https://inaturalist-open-data.s3.amazonaws.com/photos/180459410/medium.jpeg
107631977,2022-02-28 07:00:20 UTC,https://www.inaturalist.org/observations/107631977,https://inaturalist-open-data.s3.amazonaws.com/photos/181063808/medium.jpeg
107635153,2022-02-27 07:47:00 UTC,https://www.inaturalist.org/observations/107635153,https://inaturalist-open-data.s3.amazonaws.com/photos/181060549/medium.jpeg
108071424,2022-03-06 04:54:00 UTC,https://www.inaturalist.org/observations/108071424,https://inaturalist-open-data.s3.amazonaws.com/photos/181883900/medium.jpg
108104435,2022-03-06 05:50:00 UTC,https://www.inaturalist.org/observations/108104435,https://inaturalist-open-data.s3.amazonaws.com/photos/181949737/medium.jpeg
108713444,2022-03-16 08:12:46 UTC,https://www.inaturalist.org/observations/108713444,https://inaturalist-open-data.s3.amazonaws.com/photos/183093030/medium.jpeg
108789196,2022-03-17 03:12:00 UTC,https://www.inaturalist.org/observations/108789196,https://inaturalist-open-data.s3.amazonaws.com/photos/183235798/medium.jpeg
108790136,2022-03-17 05:09:22 UTC,https://www.inaturalist.org/observations/108790136,https://inaturalist-open-data.s3.amazonaws.com/photos/183237831/medium.jpg
109050344,2022-03-18 01:03:00 UTC,https://www.inaturalist.org/observations/109050344,https://inaturalist-open-data.s3.amazonaws.com/photos/183722614/medium.jpeg
109126649,2022-03-20 09:33:00 UTC,https://www.inaturalist.org/observations/109126649,https://inaturalist-open-data.s3.amazonaws.com/photos/183866221/medium.jpg
109613471,2022-03-27 11:34:00 UTC,https://www.inaturalist.org/observations/109613471,https://static.inaturalist.org/photos/184775800/medium.jpeg
109645927,2022-03-05 19:50:00 UTC,https://www.inaturalist.org/observations/109645927,https://inaturalist-open-data.s3.amazonaws.com/photos/184830009/medium.jpeg
109844908,2022-03-20 09:54:00 UTC,https://www.inaturalist.org/observations/109844908,https://inaturalist-open-data.s3.amazonaws.com/photos/185207870/medium.jpeg
110005284,2022-03-16 23:02:00 UTC,https://www.inaturalist.org/observations/110005284,https://inaturalist-open-data.s3.amazonaws.com/photos/185497540/medium.jpeg
110005290,2022-03-16 23:19:00 UTC,https://www.inaturalist.org/observations/110005290,https://inaturalist-open-data.s3.amazonaws.com/photos/185497623/medium.jpeg
110559720,2022-04-06 08:18:15 UTC,https://www.inaturalist.org/observations/110559720,https://inaturalist-open-data.s3.amazonaws.com/photos/186525439/medium.jpg
110577237,2022-04-05 09:02:00 UTC,https://www.inaturalist.org/observations/110577237,https://inaturalist-open-data.s3.amazonaws.com/photos/186558202/medium.jpeg
110648819,2022-03-25 05:11:00 UTC,https://www.inaturalist.org/observations/110648819,https://inaturalist-open-data.s3.amazonaws.com/photos/186691225/medium.jpeg
110648824,2022-03-25 06:41:00 UTC,https://www.inaturalist.org/observations/110648824,https://inaturalist-open-data.s3.amazonaws.com/photos/186691469/medium.jpeg
110753685,2022-04-08 08:56:00 UTC,https://www.inaturalist.org/observations/110753685,https://inaturalist-open-data.s3.amazonaws.com/photos/186886686/medium.jpeg
110817070,2022-04-05 07:22:00 UTC,https://www.inaturalist.org/observations/110817070,https://inaturalist-open-data.s3.amazonaws.com/photos/187002164/medium.jpeg
111281930,2022-04-10 13:49:00 UTC,https://www.inaturalist.org/observations/111281930,https://static.inaturalist.org/photos/187842646/medium.jpeg
111610480,2022-04-16 04:00:06 UTC,https://www.inaturalist.org/observations/111610480,https://inaturalist-open-data.s3.amazonaws.com/photos/188435646/medium.jpg
